{"result": {"ok": true, "passed": 141, "failed": 0, "cached": false}, "expires_at": 1781835311.3137925, "written_at": 1781834711.313795}