{"result": {"ok": true, "passed": 141, "failed": 0, "cached": false}, "expires_at": 1781835334.4745297, "written_at": 1781834734.4745297}